close_time,symbol,direction,exit_price,lots,profit,balance_after
2026.01.01 12:00:00,EURUSD,buy,1.07232,0.1,-5.75,9994.25
2026.01.02 09:00:00,EURUSD,buy,1.10905,0.1,-25.3,9968.95
2026.01.02 20:00:00,EURUSD,buy,1.10612,0.1,8.28,9977.23
2026.01.03 13:00:00,EURUSD,buy,1.09492,0.1,-26.04,9951.19
2026.01.04 17:00:00,EURUSD,buy,1.11981,0.1,35.43,9986.62
2026.01.05 21:00:00,EURUSD,sell,1.06022,0.1,10.44,9997.06
2026.01.06 12:00:00,EURUSD,sell,1.13071,0.1,17.56,10014.62
2026.01.07 04:00:00,EURUSD,buy,1.1052,0.1,-21.09,9993.53
2026.01.07 19:00:00,EURUSD,buy,1.12046,0.1,-23.56,9969.97
2026.01.08 08:00:00,EURUSD,buy,1.13553,0.1,12.98,9982.95
2026.01.09 02:00:00,EURUSD,sell,1.06627,0.1,-16.4,9966.55
2026.01.10 04:00:00,EURUSD,buy,1.11091,0.1,28.46,9995.01
2026.01.10 13:00:00,EURUSD,sell,1.08795,0.1,30.52,10025.53
2026.01.11 10:00:00,EURUSD,buy,1.11846,0.1,-24.2,10001.33
2026.01.11 21:00:00,EURUSD,buy,1.1305,0.1,-28.28,9973.05
2026.01.12 19:00:00,EURUSD,sell,1.07126,0.1,7.32,9980.37
2026.01.13 19:00:00,EURUSD,sell,1.06429,0.1,35.96,10016.33
2026.01.14 16:00:00,EURUSD,sell,1.1247,0.1,31.07,10047.4
2026.01.15 07:00:00,EURUSD,buy,1.14973,0.1,25.42,10072.82
2026.01.16 11:00:00,EURUSD,buy,1.13611,0.1,22.27,10095.09
2026.01.17 12:00:00,EURUSD,sell,1.10964,0.1,10.6,10105.69
2026.01.18 06:00:00,EURUSD,sell,1.14711,0.1,25.86,10131.55
2026.01.19 09:00:00,EURUSD,buy,1.11817,0.1,-5.34,10126.21
2026.01.20 09:00:00,EURUSD,sell,1.06116,0.1,-13.0,10113.21
2026.01.21 12:00:00,EURUSD,sell,1.14719,0.1,20.88,10134.09
2026.01.21 19:00:00,EURUSD,sell,1.13417,0.1,-20.23,10113.86
2026.01.22 10:00:00,EURUSD,buy,1.10394,0.1,11.96,10125.82
2026.01.22 14:00:00,EURUSD,sell,1.09886,0.1,-20.91,10104.91
2026.01.23 20:00:00,EURUSD,sell,1.07395,0.1,17.7,10122.61
2026.01.24 02:00:00,EURUSD,buy,1.12319,0.1,24.86,10147.47
2026.01.24 23:00:00,EURUSD,buy,1.06284,0.1,-34.34,10113.13
2026.01.25 11:00:00,EURUSD,sell,1.14644,0.1,24.24,10137.37
2026.01.26 13:00:00,EURUSD,buy,1.12129,0.1,-27.66,10109.71
2026.01.27 04:00:00,EURUSD,sell,1.13996,0.1,28.51,10138.22
2026.01.27 10:00:00,EURUSD,sell,1.0521,0.1,13.68,10151.9
2026.01.27 14:00:00,EURUSD,buy,1.12078,0.1,-22.65,10129.25
2026.01.27 19:00:00,EURUSD,sell,1.05709,0.1,7.36,10136.61
2026.01.28 05:00:00,EURUSD,buy,1.12234,0.1,28.41,10165.02
2026.01.28 16:00:00,EURUSD,sell,1.13075,0.1,-22.29,10142.73
2026.01.29 09:00:00,EURUSD,sell,1.09236,0.1,8.39,10151.12
2026.01.30 10:00:00,EURUSD,buy,1.05606,0.1,30.52,10181.64
2026.01.30 17:00:00,EURUSD,buy,1.06916,0.1,-29.02,10152.62
2026.01.31 02:00:00,EURUSD,sell,1.09626,0.1,-9.21,10143.41
2026.02.01 07:00:00,EURUSD,buy,1.05506,0.1,-7.26,10136.15
2026.02.01 13:00:00,EURUSD,buy,1.06663,0.1,-30.08,10106.07
2026.02.02 05:00:00,EURUSD,buy,1.06646,0.1,12.48,10118.55
2026.02.03 10:00:00,EURUSD,sell,1.07852,0.1,18.66,10137.21
2026.02.04 15:00:00,EURUSD,sell,1.06548,0.1,-26.92,10110.29
2026.02.05 13:00:00,EURUSD,buy,1.1248,0.1,38.9,10149.19
2026.02.06 09:00:00,EURUSD,buy,1.05569,0.1,25.45,10174.64
2026.02.06 15:00:00,EURUSD,buy,1.11752,0.1,34.8,10209.44
2026.02.07 13:00:00,EURUSD,buy,1.10789,0.1,9.2,10218.64
2026.02.08 14:00:00,EURUSD,sell,1.14347,0.1,7.87,10226.51
2026.02.09 01:00:00,EURUSD,sell,1.08958,0.1,30.07,10256.58
2026.02.09 15:00:00,EURUSD,buy,1.05093,0.1,-14.0,10242.58
2026.02.09 22:00:00,EURUSD,buy,1.10376,0.1,-21.89,10220.69
2026.02.10 13:00:00,EURUSD,buy,1.13793,0.1,9.64,10230.33
2026.02.11 19:00:00,EURUSD,sell,1.11117,0.1,10.52,10240.85
2026.02.11 23:00:00,EURUSD,sell,1.14318,0.1,-24.62,10216.23
2026.02.12 11:00:00,EURUSD,buy,1.13897,0.1,35.73,10251.96
2026.02.13 00:00:00,EURUSD,buy,1.12176,0.1,-9.66,10242.3
2026.02.13 12:00:00,EURUSD,sell,1.07511,0.1,27.2,10269.5
2026.02.14 12:00:00,EURUSD,sell,1.13293,0.1,-6.52,10262.98
2026.02.14 20:00:00,EURUSD,sell,1.06616,0.1,16.67,10279.65
2026.02.15 17:00:00,EURUSD,buy,1.06119,0.1,29.7,10309.35
2026.02.16 01:00:00,EURUSD,buy,1.13346,0.1,-25.73,10283.62
2026.02.16 09:00:00,EURUSD,buy,1.08083,0.1,-9.44,10274.18
2026.02.16 14:00:00,EURUSD,sell,1.07101,0.1,-28.88,10245.3
2026.02.17 18:00:00,EURUSD,sell,1.14738,0.1,8.6,10253.9
2026.02.18 05:00:00,EURUSD,buy,1.14762,0.1,-32.77,10221.13
2026.02.18 09:00:00,EURUSD,buy,1.12366,0.1,-31.44,10189.69
2026.02.19 14:00:00,EURUSD,buy,1.07668,0.1,37.58,10227.27
2026.02.19 19:00:00,EURUSD,sell,1.07224,0.1,-8.24,10219.03
2026.02.20 08:00:00,EURUSD,buy,1.07229,0.1,-18.81,10200.22
2026.02.20 20:00:00,EURUSD,buy,1.14669,0.1,-16.95,10183.27
2026.02.21 12:00:00,EURUSD,sell,1.14392,0.1,27.45,10210.72
2026.02.21 21:00:00,EURUSD,sell,1.05383,0.1,38.96,10249.68
2026.02.23 02:00:00,EURUSD,sell,1.09364,0.1,-15.37,10234.31
2026.02.24 00:00:00,EURUSD,buy,1.07547,0.1,-8.47,10225.84
2026.02.25 05:00:00,EURUSD,buy,1.08642,0.1,-5.05,10220.79
